,Data,Username,Tweet,URL,Respostas,Retweets,Likes
0,2022-05-10 12:49:57+00:00,TeichNelson,"Hoje, às 11 horas, falarei sobre os impactos da COVID-19 no câncer.
https://t.co/FQ5unJoT6L",https://twitter.com/TeichNelson/status/1524008843705036800,1,1,26
1,2022-05-08 14:48:20+00:00,TeichNelson,"Deixo aqui o meu carinho para todas as mães. 
Fica também uma lembrança e um abraço especial para todas as mães, filhos e filhas que hoje só conseguem se encontrar e se falar no mundo espiritual.",https://twitter.com/TeichNelson/status/1523313860622503936,3,4,160
2,2022-04-21 18:44:14+00:00,TeichNelson,"Acabei de fazer um vídeo sobre a saída do estado de emergência e novas vacinas contra Covid-19
https://t.co/hKFFNms3hP",https://twitter.com/TeichNelson/status/1517212632746442752,11,4,78
3,2022-03-05 16:33:25+00:00,TeichNelson,Pessoas sem princípios nunca colocarão os interesses da sociedade acima dos interesses pessoais. Espero que a sociedade dê uma resposta à altura nas urnas.,https://twitter.com/TeichNelson/status/1500147481677791236,4,19,376
4,2022-03-05 16:33:25+00:00,TeichNelson,"Os comentários do deputado estadual Arthur do Val são inaceitáveis, sendo um desrespeito e uma agressão às mulheres, às classes mais humildes e à sociedade como um todo, principalmente aos Ucranianos que vivem um momento de extrema dificuldade e sofrimento.",https://twitter.com/TeichNelson/status/1500147479417094147,22,43,734
5,2022-02-02 14:20:29+00:00,TeichNelson,não se revoltar e não reagir diante de fatos que são inaceitáveis. A grande preocupação é que vivemos um tempo em que o radicalismo vem crescendo e isso é um fator importante no aumento da violência e consequentemente da insegurança.,https://twitter.com/TeichNelson/status/1488880001265147908,60,57,1968
6,2022-02-02 14:20:28+00:00,TeichNelson,"O Brasil é um país desigual, injusto, e onde faltam coisas básicas para a sociedade, sendo uma delas a segurança. Espero que a justiça não deixe esse acontecimento passar em branco. Um dos maiores problemas que uma sociedade pode ter é banalizar, tratar como normal,",https://twitter.com/TeichNelson/status/1488879999587393536,24,63,2133
7,2022-02-02 14:20:28+00:00,TeichNelson,"Não costumo me manifestar em situações fora da saúde, mas o assassinato do congolês Moise Kabagambe é de uma violência, covardia, agressividade e crueldade que não permitem o silêncio. Resolvi escrever após ver o vídeo do assassinato, que é absolutamente surreal e assustador.",https://twitter.com/TeichNelson/status/1488879998186496002,357,558,11293
8,2022-02-02 00:03:54+00:00,TeichNelson,Pessoal vou começar a postar no meu canal do YouTube https://t.co/lj6Jkz65zL,https://twitter.com/TeichNelson/status/1488664436797845504,10,5,136
9,2022-01-22 23:50:00+00:00,TeichNelson,"Essa é a única forma de construir um Sistema de Saúde com máxima eficiência para a sociedade, que acompanhe a evolução tecnológica, e que respeite os princípios de equidade, integralidade e universalidade do SUS.",https://twitter.com/TeichNelson/status/1485037059022667777,5,3,82
10,2022-01-22 23:49:59+00:00,TeichNelson,"A nova Agência independente deve ser formada por profissionais e instituições de reconhecido conhecimento técnico e por representantes da sociedade, não tendo uma estrutura que permita manipulações ideológicas e políticas.",https://twitter.com/TeichNelson/status/1485037057240182785,3,5,94
11,2022-01-22 23:49:59+00:00,TeichNelson,Esse processo que inicia nas necessidades de saúde das pessoas e que segue até a definição de políticas e ações é crítico. Avaliação e Incorporação tecnológica representam uma ferramenta que atende a uma política de saúde e não um processo que inicia e termina nele mesmo.,https://twitter.com/TeichNelson/status/1485037054429958145,1,1,36
12,2022-01-22 23:49:58+00:00,TeichNelson,"Na verdade, a nova Agência precisa ser uma agência voltada para inteligência em saúde, que avalie continuadamente as necessidades da sociedade e defina os recursos diagnósticos e terapêuticos atuais e futuros que devem ser incorporados dentro da realidade financeira do país.",https://twitter.com/TeichNelson/status/1485037052622217217,2,1,35
13,2022-01-22 23:49:58+00:00,TeichNelson,"Agência que gere máxima eficiência para o Sistema de Saúde, utilizando de forma ideal os recursos financeiros e humanos disponíveis.",https://twitter.com/TeichNelson/status/1485037050613178374,1,1,42
14,2022-01-22 23:49:57+00:00,TeichNelson,"Países de média renda como o Brasil têm um recurso financeiro muito menor que os países de alta renda para incorporar tecnologias diagnósticas e terapêuticas, o que faz com que precisemos de uma",https://twitter.com/TeichNelson/status/1485037048851484676,1,1,43
15,2022-01-22 23:49:57+00:00,TeichNelson,"Os últimos acontecimentos relacionados à CONITEC mostram a importância da criação de uma nova Agência de Avaliação e Incorporação Tecnológica Independente, livre de posições políticas, ideológicas e ineficientes.",https://twitter.com/TeichNelson/status/1485037047190593540,17,17,276
16,2021-12-27 16:16:14+00:00,TeichNelson,"Sou a favor da vacinação contra Covid-19 em crianças de 05 a 11 anos.
Coloquei a minha posição com as devidas explicações no Instagram. Segue link https://t.co/GCpA6jss1G",https://twitter.com/TeichNelson/status/1475500782543851521,325,205,1927
17,2021-11-28 14:39:57+00:00,TeichNelson,"A nova variante do coronavirus, ômicron, é um risco real. Uma estratégia clara e ações rápidas são importantes. Um programa de testagem e sequenciamento genético no país é necessário e urgente. Veja mais em https://t.co/v3KTQN5dQo",https://twitter.com/TeichNelson/status/1464967303863451649,35,25,278
18,2021-07-05 13:32:33+00:00,TeichNelson,Veja a matéria na íntegra em https://t.co/dxD3koqmSi,https://twitter.com/TeichNelson/status/1412041714626408449,2,4,38
19,2021-07-05 13:32:33+00:00,TeichNelson,É impossível enfrentar e vencer uma guerra estando no meio de outra.,https://twitter.com/TeichNelson/status/1412041713464627203,6,2,50
20,2021-07-05 13:32:33+00:00,TeichNelson,"Se essas mudanças constantes, algo normal e necessário em situações como essa, forem tratadas como erro, ou usadas para alimentar confrontos e interesses pessoais, isso torna a gestão e a liderança muito difíceis.",https://twitter.com/TeichNelson/status/1412041712042717187,1,0,8
21,2021-07-05 13:32:32+00:00,TeichNelson,"Decisões precisam ser tomadas todo o tempo, mesmo que com pouca informação e essa dinâmica implica em revisões e mudanças frequentes.",https://twitter.com/TeichNelson/status/1412041710880890883,1,0,6
22,2021-07-05 13:32:32+00:00,TeichNelson,"Esse momento é muito mais de escrever do que de ler, para que possamos deixar um legado de conhecimento em gestão para gerações futuras.

Esse cenário demanda uma enorme cooperação e colaboração entre aqueles que estão à frente do comando.",https://twitter.com/TeichNelson/status/1412041709601632259,1,0,9
23,2021-07-05 13:32:32+00:00,TeichNelson,"Matéria para o MIT Technology Review

Gestão e Liderança em Tempos de Extrema Incerteza",https://twitter.com/TeichNelson/status/1412041708225839104,4,0,64
24,2021-06-29 17:30:45+00:00,TeichNelson,https://t.co/WDUiMLXSQo,https://twitter.com/TeichNelson/status/1409927331863568386,1,1,58
25,2021-06-19 21:10:00+00:00,TeichNelson,Deixo aqui uma mensagem de carinho e respeito para as famílias dos mais de 500 mil brasileiros que morreram pela Covid-19. Esse número retrata o quanto precisamos melhorar a eficiência do combate à Covid-19 e do sistema de saúde como um todo.,https://twitter.com/TeichNelson/status/1406358630241296384,192,238,5532
26,2021-01-23 14:08:43+00:00,TeichNelson,É adequado usar a gravidade da Covid19 nas cidades brasileiras como um dos critérios para definir a alocação das vacinas. Priorizar o envio de vacinas mais eficazes (Oxford) para cidades mais afetadas também pode melhorar a eficiência da distribuição e do controle da pandemia.,https://twitter.com/TeichNelson/status/1352981592231309312,230,164,2319
27,2021-01-22 15:03:36+00:00,TeichNelson,"O problema da vacinação contra Covid19 não foi apostar em poucas vacinas, mas conduzir de forma ineficiente as negociações, o planejamento e a execução.
Promessas não cumpridas diminuem a credibilidade e a confiança nas instituições.
Sempre é tempo para rever e recomeçar.",https://twitter.com/TeichNelson/status/1352633017517404162,1900,920,9974
28,2021-01-14 16:07:16+00:00,TeichNelson,"Em paralelo é importante ter um programa que acompanha as variantes do novo coronavírus, pelo risco de algumas delas poderem alterar a eficácia das vacinas.",https://twitter.com/TeichNelson/status/1349749936418676736,26,12,169
29,2021-01-14 16:07:16+00:00,TeichNelson,Com as respostas para as perguntas acima vai ser possível entender as diferenças entre os municípios e definir com mais precisão as prioridades e a distribuição ideal de vacinas e insumos. Também será possível otimizar a distribuição dos postos de vacinação e os recursos humanos.,https://twitter.com/TeichNelson/status/1349749935118430213,7,4,99
30,2021-01-14 16:07:16+00:00,TeichNelson,"Quantas pessoas morrem nos serviços de saúde e em domicílio?
Qual as características das pessoas nos grupos acima em relação a idade, sexo, raça, minorias e comorbidades?",https://twitter.com/TeichNelson/status/1349749933893681152,6,5,63
31,2021-01-14 16:07:15+00:00,TeichNelson,Quantas pessoas necessitam ventilação mecânica ou outros recursos diagnósticos e terapêuticos complexos como diálise e oxigenação por membrana extracorpórea?,https://twitter.com/TeichNelson/status/1349749932668936195,2,2,50
32,2021-01-14 16:07:15+00:00,TeichNelson,"Para definir a estratégia de distribuição é necessário obter dos municípios as seguintes informações detalhadas e em tempo real:

Qual o volume de pessoas que necessita internação hospitalar?
Qual o número de pessoas que precisa de atendimento em UTIs?",https://twitter.com/TeichNelson/status/1349749931255492613,4,2,55
33,2021-01-14 16:07:15+00:00,TeichNelson,"A questão fundamental é como definir o volume, a frequência e a sequência ideal de distribuição das diferentes vacinas para os municípios Brasileiros da forma mais eficaz para controlar a doença em todo país no menor tempo possível.",https://twitter.com/TeichNelson/status/1349749930022338562,1,1,44
34,2021-01-14 16:07:14+00:00,TeichNelson,"A Covid19 tem uma gravidade diferente nos municípios brasileiros. Usar um critério para distribuição que leve em consideração apenas as características populacionais, sem levar em consideração as diferenças regionais relacionadas com a gravidade da doença seria um erro.",https://twitter.com/TeichNelson/status/1349749928797597696,1,2,56
35,2021-01-14 16:07:14+00:00,TeichNelson,"Se temos vacinas mais eficazes no mundo, uma pergunta inevitável:  Seria melhor não vacinar agora com aquelas disponíveis no Brasil para esperar a chegada de uma vacina mais eficaz?",https://twitter.com/TeichNelson/status/1349749927560302593,10,4,66
36,2021-01-14 16:07:14+00:00,TeichNelson,"Quando temos vacinas com eficácias diferentes, como decidir quem recebe a mais eficaz? Como as pessoas vão perceber essa definição e reagir a isso?",https://twitter.com/TeichNelson/status/1349749926352318469,8,3,76
37,2021-01-14 16:07:13+00:00,TeichNelson,"O Planejamento que define as fases de vacinação precisa ser mais bem detalhado e trabalhado.

Existem alguns pontos que são críticos:

Ainda não temos informação se é possível receber uma segunda vacina mais eficaz contra Covid19 caso já se tenha tomado uma primeira.",https://twitter.com/TeichNelson/status/1349749924787859456,80,20,328
38,2021-01-14 00:05:47+00:00,TeichNelson,"Participar do programa de imunização, recebendo a vacina assim que disponível, para que o maior número possível de vidas seja preservado até a doença ser controlada.",https://twitter.com/TeichNelson/status/1349507970279858179,32,31,537
39,2021-01-14 00:05:47+00:00,TeichNelson,Existe razão para otimismo. O Programa de Vacinação vai reverter a situação atual causada pela Covid19. O importante agora é manter os cuidados que diminuem a transmissão da Covid19.,https://twitter.com/TeichNelson/status/1349507969038364675,6,31,510
40,2021-01-14 00:05:46+00:00,TeichNelson,"Uma menor eficácia da vacina obriga um percentual maior da população sendo vacinado e isso torna ainda mais essencial um programa de vacinação muito bem implementado e executado. 
Esse Programa conduzido de forma eficiente será mais importante do que a eficácia das vacinas.",https://twitter.com/TeichNelson/status/1349507967746531329,10,37,469
41,2021-01-14 00:05:46+00:00,TeichNelson,"Uma vacina com 50% de eficácia é bem vinda para o enfrentamento da Covid19, principalmente quando ela reduz drasticamente a hospitalização e a necessidade de cuidados por profissionais da saúde. Isso pode mudar a realidade da Covid19 e fazer com que nossas vidas voltem ao normal.",https://twitter.com/TeichNelson/status/1349507966505000960,40,83,702
42,2021-01-14 00:05:46+00:00,TeichNelson,"A forma como foi apresentado o estudo da Coronavac no Brasil foi inadequada. Foi um erro estratégico. Valores que variaram de 100% a 77,96% em uma primeira apresentação, quando confrontados com um valor de 50,38% poucos dias depois, geraram muitas críticas e desconfiança.",https://twitter.com/TeichNelson/status/1349507965053784066,14,36,583
43,2021-01-14 00:05:45+00:00,TeichNelson,"O valor considerado adequado pela OMS para uma vacina contra Covid19 ser considerado eficaz é de pelo menos 50%. Com os resultados de eficácia das vacinas de Pfizer e Moderna trabalhando na faixa de 95%, valores menores de outras vacinas poderão ser vistos como ruins ou pequenos.",https://twitter.com/TeichNelson/status/1349507963648667648,128,156,1470
44,2021-01-11 14:48:36+00:00,TeichNelson,Vejo nos noticiários que o Brasil deu 300 milhões de doses de vacinas em 2019. O DATASUS mostra 108 milhões de doses nesse ano. Saber o número correto é fundamental para definir a estratégia e o planejamento para Covid19,https://twitter.com/TeichNelson/status/1348642976944300034,55,69,697
45,2021-01-06 13:54:33+00:00,TeichNelson,"Não podemos subestimar as novas variantes mais transmissíveis do sars-cov-2
Essas novas variantes com maior capacidade de infectar vão sobrecarregar o sistema de saúde e aumentar a mortalidade
Fundamental ter mais informações em relação ao impacto delas nas vacinas e na imunidade",https://twitter.com/TeichNelson/status/1346817432116207616,836,181,1869
46,2021-01-04 12:52:19+00:00,TeichNelson,"Hoje começou a vacinação com a vacina de Oxford no Reino Unido.
O Brasil teve um papel fundamental no desenvolvimento dessa vacina, que vai ser muito importante no controle da Covid-19 e na melhora da vida das pessoas em todo o mundo. Parabéns aos pesquisadores brasileiros.",https://twitter.com/TeichNelson/status/1346076995814350849,464,725,8286
47,2021-01-02 15:12:58+00:00,TeichNelson,"No desenho do Programa de Vacinação contra Covid-19 é preciso trabalhar as seguintes dimensões:

Estratégia &amp; Planejamento
Liderança
Coordenação
Informação
Execução
Comunicação

Segue o link:

https://t.co/gVq9APmP7Z",https://twitter.com/TeichNelson/status/1345387614321451008,22,25,217
48,2021-01-02 15:12:57+00:00,TeichNelson,"Escrevi no Linkedin um texto com sugestões quanto a Estratégia e Ações voltadas para estruturar o Programa de Vacinação contra a Covid-19.

O texto trabalha os pontos críticos da criação, implementação e execução do Programa de Vacinação contra a Covid-19.",https://twitter.com/TeichNelson/status/1345387612551458816,20,15,285
49,2021-01-02 15:12:56+00:00,TeichNelson,https://t.co/r7q3z782MR,https://twitter.com/TeichNelson/status/1345387609628028930,77,32,554
50,2020-12-25 14:55:43+00:00,TeichNelson,"Que o Natal traga paz e resistência para que possamos passar por esses momentos difíceis, e que nos dê também a sabedoria para que consigamos encontrar as melhores soluções o mais rápido possível.",https://twitter.com/TeichNelson/status/1342484173685219328,185,52,1687
51,2020-12-25 14:55:43+00:00,TeichNelson,Sempre é tempo para colocar o bem estar e a qualidade de vida da sociedade e dos cidadãos como a razão maior dos governantes e governos. Precisamos disso muito rápido.,https://twitter.com/TeichNelson/status/1342484171726467073,22,68,1377
52,2020-12-25 14:55:42+00:00,TeichNelson,"Momentos como o atual demandam dos dirigentes, humanidade e nobreza, características que não existem quando posições pessoais e políticas são definidas como uma prioridade.",https://twitter.com/TeichNelson/status/1342484169994203140,19,81,1318
53,2020-12-25 14:55:42+00:00,TeichNelson,"Cada um vai ter que buscar o equilíbrio ideal para si e para os que com ele se relaciona, mas seja qual for esse equilíbrio, cuidados que diminuam o risco de transmissão da Covid-19 são fundamentais.",https://twitter.com/TeichNelson/status/1342484168228433921,8,50,1117
54,2020-12-25 14:55:42+00:00,TeichNelson,"O Ano Novo traz a esperança de transformação, mudanças rápidas e dias melhores, mas nesse momento, esses dias melhores e especiais que buscamos vão depender muito mais de ações do que de orações e promessas.",https://twitter.com/TeichNelson/status/1342484166441635843,8,54,1175
55,2020-12-25 14:55:41+00:00,TeichNelson,"Esse período do Natal e Ano Novo combina sentimentos especiais. O Natal realça a importância da família, das amizades, do cuidado e da cooperação.",https://twitter.com/TeichNelson/status/1342484164738740227,6,50,1187
56,2020-12-25 14:55:41+00:00,TeichNelson,"Esses números mostram como a situação é grave, difícil e incerta. Essa situação demanda que as pessoas se cuidem cada vez mais até que uma solução chegue e essa solução da Covid-19 depende das vacinas e programas de vacinação eficazes. Felizmente essa realidade parece próxima.",https://twitter.com/TeichNelson/status/1342484162956193792,22,76,1328
57,2020-12-25 14:55:40+00:00,TeichNelson,"É impossível projetar e saber com precisão quantas mortes acontecerão no Brasil pela Covid-19, mas com a situação atual, onde existe um crescimento significativo de casos e mortes, as mortes pela Covid-19 vão com certeza superar as da Gripe Espanhola.",https://twitter.com/TeichNelson/status/1342484160682852354,20,71,1284
58,2020-12-25 14:55:40+00:00,TeichNelson,"Se ajustarmos a mortalidade daquela época para os dias atuais, onde o Brasil tem aproximadamente 212.4 milhões de habitantes, o número equivalente de mortes em 2020 seria de aproximadamente 243 mil mortos.",https://twitter.com/TeichNelson/status/1342484158879330305,22,71,1298
59,2020-12-25 14:55:39+00:00,TeichNelson,"Os relatos históricos da Gripe Espanhola apontam um pouco mais de 35 mil mortes no Brasil nos anos de 1918 e 1919. Pelos dados do IBGE, em 1920 o Brasil tinha 30.6 milhões de habitantes.",https://twitter.com/TeichNelson/status/1342484157079937026,26,71,1352
60,2020-12-25 14:55:39+00:00,TeichNelson,"Estamos atualmente com cerca de 230 mil mortos pela Covid-19 e os números crescem de forma significativa. Como aconteceu no início da pandemia, não é possível saber onde esses números vão chegar.",https://twitter.com/TeichNelson/status/1342484155007979520,54,150,1709
61,2020-12-25 14:55:38+00:00,TeichNelson,"A Covid-19 é a pior pandemia que o Brasil já viveu, ela é mais grave que a Gripe Espanhola.
O Brasil marcou ontem, dia 24 de dezembro, 190 mil mortes. Se incluirmos nesse número as mortes subnotificadas, que conservadoramente representam 20% do total atual.",https://twitter.com/TeichNelson/status/1342484153313468416,1832,842,7333
62,2020-08-03 16:14:30+00:00,TeichNelson,"O objetivo é sempre ajudar o Brasil
https://t.co/qp5B6JoJP4",https://twitter.com/TeichNelson/status/1290320147509583873,44,14,383
63,2020-08-01 16:42:53+00:00,TeichNelson,"A pesquisa clínica e a iniciativa privada representam um financiamento adicional para a saúde e a possibilidade de aumentar o acesso às novas tecnologias. Essas frentes trazem esperança, possibilidade de um cuidado mais eficiente e uma vida melhor para sociedade.",https://twitter.com/TeichNelson/status/1289602514384375808,101,33,840
64,2020-08-01 16:42:53+00:00,TeichNelson,"O MS precisa assumir a liderança e coordenação de todos os segmentos que compõem a saúde do país. Precisa coordenar não só as ações e iniciativas ligadas ao SUS e a Saúde Suplementar, mas também as ações oriundas da iniciativa privada e programas de pesquisa clínica",https://twitter.com/TeichNelson/status/1289602512874430466,50,43,899
65,2020-08-01 16:42:53+00:00,TeichNelson,"A ineficiência acontece em todos os segmentos da saúde. A falta de informação impede que consigamos entender como os sistemas estão operando e impede comparações entre hospitais e serviços, o que inviabiliza um processo de melhora contínua e das entregas para sociedade.",https://twitter.com/TeichNelson/status/1289602511398084608,12,28,665
66,2020-08-01 16:42:52+00:00,TeichNelson,"O foco do MS tem que ser o SUS, mas ressalto que o MS é um Ministério da Sociedade e não apenas do SUS. A Saúde Suplementar atende a 47 milhões de brasileiros e esse segmento que também salvou muitas pessoas, provavelmente teria salvo um número maior se fosse mais eficiente.",https://twitter.com/TeichNelson/status/1289602509816791040,15,28,704
67,2020-08-01 16:42:52+00:00,TeichNelson,"Na cidade do RJ, os sistemas público e privado têm um volume de usuários parecido. A capital do RJ tem cerca de 6,7 milhões de pessoas e um pouco mais de 3 milhões delas têm acesso a saúde suplementar.",https://twitter.com/TeichNelson/status/1289602508340342784,8,24,657
68,2020-08-01 16:42:51+00:00,TeichNelson,"A Covid19 mata o dobro nas regiões pobres da cidade do Rio de Janeiro. Na faixa etária entre 40 e 49 anos, a mortalidade é de 10% nas regiões mais pobres e 1,4% nas regiões mais ricas. Uma diferença enorme.",https://twitter.com/TeichNelson/status/1289602506956238848,41,47,868
69,2020-08-01 16:42:51+00:00,TeichNelson,"Concordo que o SUS é fundamental e que salva a vida de muitos, mas quantas pessoas poderiam não ter morrido se o sistema tivesse funcionado melhor?",https://twitter.com/TeichNelson/status/1289602505479946241,79,52,1191
70,2020-08-01 16:42:50+00:00,TeichNelson,"No momento em que nos aproximamos de 100 mil mortes pela Covid19, uma questão crítica é: Quantas vidas adicionais poderiam ter sido salvas se o sistema de saúde fosse mais eficiente?",https://twitter.com/TeichNelson/status/1289602499024846848,102,68,1285
71,2020-08-01 16:42:48+00:00,TeichNelson,Me preocupa quando vejo publicações onde o Ministério da Saúde (MS) é avaliado com base em repasse de verbas e logística. Essa não é a forma adequada para avaliar a eficiência da instituição.,https://twitter.com/TeichNelson/status/1289602491873734656,742,502,6366
72,2020-07-30 22:31:23+00:00,TeichNelson,"Tirando Dúvidas sobre Dexametasona no tratamento da Covid-19
https://t.co/C0fdAoYCnA",https://twitter.com/TeichNelson/status/1288965439234637824,25,31,707
73,2020-07-07 15:49:45+00:00,TeichNelson,"Respondendo Dúvidas 
Medicamentos na Covid19 - Parte 2
https://t.co/iHYopLjIT5",https://twitter.com/TeichNelson/status/1280529446823493632,38,20,460
74,2020-07-03 23:36:32+00:00,TeichNelson,"Respondendo Dúvidas sobre medicamentos na Covid-19. Veja em:
https://t.co/BDLxqvvSfs",https://twitter.com/TeichNelson/status/1279197361844207616,30,30,569
75,2020-07-02 01:49:43+00:00,TeichNelson,Respondendo dúvidas sobre o que fazer nos primeiros sintomas https://t.co/Ib3cYenM6V,https://twitter.com/TeichNelson/status/1278506103387697154,44,58,936
76,2020-07-01 22:31:58+00:00,TeichNelson,"Respondendo Dúvidas sobre os testes para Covid-19
https://t.co/8AACSjKIaE",https://twitter.com/TeichNelson/status/1278456338411139072,14,21,357
77,2020-07-01 18:53:46+00:00,TeichNelson,"Respondendo Dúvidas sobre Covid-19 
https://t.co/doxFlht0n3",https://twitter.com/TeichNelson/status/1278401425664618496,17,15,293
78,2020-06-28 16:26:43+00:00,TeichNelson,"Continuarei a falar sobre o resultado da pesquisa nas próximas postagens. Pare rever o resultado da pesquisa na íntegra, veja Pesquisa1, no destaque dos stories do Instagram 
https://t.co/QVf96CJlB3",https://twitter.com/TeichNelson/status/1277277256189083648,23,26,521
79,2020-06-28 16:26:42+00:00,TeichNelson,Isso se torna crítico quando não existe uma hora clara para que a situação atual da Covid19 seja resolvida. É possível que precisemos conviver com a Covid19 por um tempo longo e não ter uma estratégia para a retomada de uma vida menos restritiva vai ser um problema cada vez maior,https://twitter.com/TeichNelson/status/1277277254838562816,14,34,543
80,2020-06-28 16:26:42+00:00,TeichNelson,As dificuldades econômicas e sociais vão fazer com que seja cada vez mais difícil implementar políticas radicais de distanciamento do tipo o Lockdown. Mais importante do que orientar e implementar as medidas de distanciamento é encontrar a solução para saída dele.,https://twitter.com/TeichNelson/status/1277277253563559936,11,23,314
81,2020-06-28 16:26:42+00:00,TeichNelson,"É necessário que os governantes ofereçam condições e soluções para que essas pessoas menos favorecidas, possam seguir as políticas construídas com base no distanciamento social.",https://twitter.com/TeichNelson/status/1277277252175224837,5,19,255
82,2020-06-28 16:26:41+00:00,TeichNelson,"Essa proporção deve ser ainda maior nas classes sociais menos favorecidas. Isso é realçado quando mesmo a maioria das pessoas tendo respondido que acha importante permanecer em casa, a mesma maioria também diz que não consegue permanecer em casa.",https://twitter.com/TeichNelson/status/1277277250589786113,2,15,211
83,2020-06-28 16:26:41+00:00,TeichNelson,"Isso leva a interpretação de que alguns números mostrados pelo questionário são subdimensionados. Um exemplo são as respostas referentes ao número de pessoas que tem problemas para ficar em casa, sem sair para trabalhar, que no questionário já foi grande, cerca de 61%.",https://twitter.com/TeichNelson/status/1277277249230835715,1,15,214
84,2020-06-28 16:26:41+00:00,TeichNelson,"Esses números mostram que, no Brasil, 78% da população depende exclusivamente do SUS. Essa diferença de 20% entre os números brasileiros e os da pesquisa, mostra que, provavelmente, a parte menos favorecida da sociedade não está representada de forma adequada.",https://twitter.com/TeichNelson/status/1277277247972560897,2,16,225
85,2020-06-28 16:26:40+00:00,TeichNelson,"Uma importante questão é o quanto esses números podem ser extrapolados para a população brasileira.
A primeira resposta mostra que 58% das pessoas são usuárias do SUS. O Brasil tem uma população projetada de quase 212 milhões, sendo que 47 milhões têm acesso a saúde suplementar.",https://twitter.com/TeichNelson/status/1277277246580051969,1,18,257
86,2020-06-28 16:26:40+00:00,TeichNelson,"Sobre as respostas obtidas à partir das perguntas da Pesquisa1, na última 4a feira, é importante colocar que os resultados encontrados refletem a realidade apenas do grupo que respondeu.",https://twitter.com/TeichNelson/status/1277277245288177666,27,69,1413
87,2020-06-27 19:46:50+00:00,TeichNelson,Que a vacina seja um sucesso e resgate a vida que tínhamos antes da Covid-19,https://twitter.com/TeichNelson/status/1276965230401257473,148,271,5280
88,2020-06-27 19:46:50+00:00,TeichNelson,Realço o papel fundamental da ANVISA e CONEP nesse processo para que a pesquisa com a vacina pudesse ser trazida para o Brasil. Sem a agilidade e eficiência das duas instituições não seria possível ter trazido a pesquisa com a vacina de Oxford para o Brasil no tempo necessário.,https://twitter.com/TeichNelson/status/1276965229017137152,19,212,4523
89,2020-06-27 19:46:49+00:00,TeichNelson,"Essa parceria foi iniciada no período em que estava no Ministério da Saúde, tendo sido eu a pessoa que começou essa parceria para o Brasil junto com a pesquisadora Sue Ann Costa Clemens, representante de Oxford, que teve um papel fundamental nesse processo.",https://twitter.com/TeichNelson/status/1276965227679092736,87,192,3484
90,2020-06-27 19:46:49+00:00,TeichNelson,Fico feliz e esperançoso ao ver que o Governo Brasileiro formalizou a parceria com a Universidade de Oxford e com a AstraZeneca para desenvolvimento da vacina contra Covid-19.,https://twitter.com/TeichNelson/status/1276965226202660865,610,2181,24580
91,2020-06-25 17:59:21+00:00,TeichNelson,"7.Você e sua família estão tendo dificuldade para manter o mesmo tipo de alimentação que vocês tinham antes da Covid-19?: Sim 39% - Não 61%
8.Você tem dúvidas sobre o plano de distanciamento (reabertura) de sua cidade?: Sim 56% - Não 44%.",https://twitter.com/TeichNelson/status/1276213404227821570,13,15,329
92,2020-06-25 17:59:20+00:00,TeichNelson,"4.Você sabe a diferença entre os testes para Covid-19?: Sim 40% - Não 60%
5.Você acredita que ficar em casa é importante para controlar a Covid-19?: Sim 65% - Não 35%
6.Baseado na sua realidade atual, é possível permanecer em casa, sem sair para trabalhar?: Sim 39% - Não 61%",https://twitter.com/TeichNelson/status/1276213403032399872,7,15,307
93,2020-06-25 17:59:20+00:00,TeichNelson,"Esses foram os resultados das perguntas objetivas: 
1. Você é usuário do SUS? Sim 58% - Não 42%
2. Você sabe quando procurar atendimento caso suspeite estar com a Covid-19? Sim73% - Não27%
3. Você sabe onde procurar atendimento caso suspeite estar com a Covid-19? Sim76% - Não24%",https://twitter.com/TeichNelson/status/1276213401434255360,4,15,236
94,2020-06-25 17:59:20+00:00,TeichNelson,Semana que vem vou iniciar uma serie de vídeos onde discutirei sobre as dúvidas e no fim de semana farei um post comentando sobre as perguntas objetivas.,https://twitter.com/TeichNelson/status/1276213399861460997,2,10,306
95,2020-06-25 17:59:19+00:00,TeichNelson,"Mesmo em uma mesma cidade existem grupos da população com características muito distintas.
Estou analisando as milhares de perguntas encaminhadas para entender as maiores, mais frequentes e mais relevantes dúvidas.",https://twitter.com/TeichNelson/status/1276213398729035777,1,9,281
96,2020-06-25 17:59:19+00:00,TeichNelson,"Esses dados têm que ser tratados com muito detalhe e muito cuidado, mas eles são um ponto de partida para melhorar a comunicação, o entendimento dos problemas e o desenho de soluções. O Brasil é um país continental e com diferentes realidades, nas diferentes cidades.",https://twitter.com/TeichNelson/status/1276213396720046080,2,8,230
97,2020-06-25 17:59:18+00:00,TeichNelson,"À partir dessas respostas, será possível planejar ações voltadas para enfrentar a pandemia e melhorar o cuidado das pessoas.
As respostas não podem ser encaradas como reflexo de uma única realidade mas, com certeza, é uma grande amostra e um grande começo.",https://twitter.com/TeichNelson/status/1276213395293945857,4,7,268
98,2020-06-25 17:59:18+00:00,TeichNelson,"Agradeço as quase 10 mil pessoas que responderam as perguntas encaminhadas. 
O objetivo dessas perguntas é comunicar com a sociedade e entender as dúvidas, anseios e necessidades que existem.",https://twitter.com/TeichNelson/status/1276213392873869312,54,70,2249
99,2020-06-24 12:43:48+00:00,TeichNelson,https://t.co/rDVNiCfac1,https://twitter.com/TeichNelson/status/1275771609157120000,17,13,239
100,2020-06-23 23:12:15+00:00,TeichNelson,"Agradeço aqueles que puderem responder o questionário nos stories do meu Instagram, que terá inicio amanhã, dia 24/06/2020, a partir das 8:00h. Divulgarei o link de acesso amanhã, por aqui. Serão 08 perguntas e um espaço para que você deixe, por escrito, as suas dúvidas.",https://twitter.com/TeichNelson/status/1275567372477358082,74,146,2184
101,2020-06-23 23:12:14+00:00,TeichNelson,"Os objetivos serão:
1.Entender o impacto da COVID19 na vida das pessoas
2.Auxiliar na interação entre as pessoas e os serviços de saúde
3.Entender melhor as pessoas, suas vidas e necessidades
4.Acompanhar como as pessoas estão sendo cuidadas no sistema de saúde",https://twitter.com/TeichNelson/status/1275567371105828871,32,118,1672
102,2020-06-23 23:12:14+00:00,TeichNelson,"Para melhorar a comunicação com a população brasileira e entender melhor suas necessidades, prioridades e dúvidas, vou iniciar um trabalho com perguntas rápidas e vamos evoluir nesse projeto de acordo com as repostas.",https://twitter.com/TeichNelson/status/1275567369713303552,193,363,4872
103,2020-06-22 22:11:18+00:00,TeichNelson,Quais as melhores estratégias para diagnosticar e tratar a COVID19? Como melhorar a qualidade da informação? Como aumentar a eficiência do Sistema de Saúde? Essas respostas combinadas vão ajudar na capacidade de lidar com a COVID19 e com pandemias futuras.,https://twitter.com/TeichNelson/status/1275189648663470081,34,38,712
104,2020-06-22 22:11:18+00:00,TeichNelson,Como trabalhar o isolamento das classes menos favorecidas? Como medir o impacto das perdas econômicas na mortalidade e na qualidade de vida? Como medir o impacto psicológico do isolamento e perdas econômicas da população e como isso influencia escolhas e comportamentos?,https://twitter.com/TeichNelson/status/1275189647170248705,13,39,688
105,2020-06-22 22:11:18+00:00,TeichNelson,"Esses estudos vão definir os critérios adequados para implementação. Outras perguntas precisam ser feitas, como: Qual foi o impacto do carnaval e da data do fechamento das fronteiras na evolução da COVID19 no Brasil? Qual a melhor forma de usar os testes e seus resultados?",https://twitter.com/TeichNelson/status/1275189645752643591,2,24,294
106,2020-06-22 22:11:17+00:00,TeichNelson,"Vemos hoje tentativas de relaxamento do distanciamento social em várias cidades e países, que não são baseadas em pesquisas científicas, mas em tentativa e erro. Precisamos realizar estudos que permitam entender o impacto das estratégias e políticas de distanciamento.",https://twitter.com/TeichNelson/status/1275189644175511555,7,23,305
107,2020-06-22 22:11:17+00:00,TeichNelson,"Esses números levam a algumas conclusões: 
1. Apontam para existência de subnotificação
2. Sugerem que as mortes começaram a aumentar significativamente já em Março 2020. É possível que o Carnaval tenha tido impacto importante na evolução do coronavírus no Brasil.",https://twitter.com/TeichNelson/status/1275189642422292481,6,45,414
108,2020-06-22 22:11:16+00:00,TeichNelson,"São avaliadas mortes devido a COVID, SRAG, Pneumonia, Insuficiência Respiratória, Septicemia, Causa Indeterminada e Demais Causas.
O quadro da ilustração acima, mostra os dados de evolução de óbitos de 2020 em relação a 2019, de março a maio, de algumas cidades.",https://twitter.com/TeichNelson/status/1275189640954294273,2,13,247
109,2020-06-22 22:11:16+00:00,TeichNelson,"Para ter uma avaliação à partir de uma fonte diferente, analisei os dados de óbitos do Registro Civil (Portal da Transparência). Além das mortes por COVID e SRAG, essa análise permite estudar outras causas de óbitos, exceto aquelas ligadas a causas externas, como homicídios.",https://twitter.com/TeichNelson/status/1275189639456985088,1,15,251
110,2020-06-22 22:11:16+00:00,TeichNelson,"Abordando o problema da subnotificação, ontem foi publicado no Jornal O Globo, que com base nos dados do SIVEP/Gripe do DATASUS, além das mais de 50 mil mortes por coronavírus documentadas até hoje, cerca de 21.289 mortes, desde Janeiro 2020, estão sob suspeita de COVID19.",https://twitter.com/TeichNelson/status/1275189638047686657,9,22,299
111,2020-06-22 22:11:15+00:00,TeichNelson,https://t.co/n5lP80mFrX,https://twitter.com/TeichNelson/status/1275189635996684288,39,110,1069
112,2020-06-19 22:58:02+00:00,TeichNelson,"Em Roraima 75% dos registros acontece em até 5 dias, enquanto no Maranhão isso acontece em até 45 dias. Projeções poderiam ser feitas com base em dados anteriores, mas esse recurso depende de uma otimização prévia da distância entre os óbitos e os registros.",https://twitter.com/TeichNelson/status/1274114243168800768,36,60,1040
113,2020-06-19 22:58:01+00:00,TeichNelson,"Além disso é fundamental que todos os óbitos sejam registrados e que não exista uma diferença significativa no tempo em que os estados levam para registrar os óbitos. Atualmente, com base nos dados atualizados do site zerobias, a diferença entre os estados é grande.",https://twitter.com/TeichNelson/status/1274114241767903235,5,39,993
114,2020-06-19 22:58:01+00:00,TeichNelson,Isso impede que possamos interpretar a curva de óbitos de forma adequada. Uma forma de amenizar esse problema é reduzindo ao máximo o intervalo entre o óbito e o registro.,https://twitter.com/TeichNelson/status/1274114240253759492,7,24,513
115,2020-06-19 22:58:01+00:00,TeichNelson,"Quanto a COVID19, os dados e curvas obtidos à partir da data do óbito, faz com que os valores diários, principalmente os mais recentes, não reflitam a realidade, isso porque novos óbitos são acrescidos ao longo dos dias subsequentes, conforme os registros de óbitos são liberados.",https://twitter.com/TeichNelson/status/1274114238785740800,8,28,467
116,2020-06-19 22:58:00+00:00,TeichNelson,"Em 2016 a diferença entre os números foi de 383.339 pessoas, em 2017 foi de 351.344 e em 2018, última data com valores pelo SIM, foi de 229.475 óbitos, sendo os maiores valores sempre da base de dados do SIM.",https://twitter.com/TeichNelson/status/1274114237158371330,3,23,442
117,2020-06-19 22:58:00+00:00,TeichNelson,"Um exemplo são os dados de mortalidade. Comparando os dados de registros de óbitos do Portal da Transparência (Registro Civil) com os dados de mortalidade vindos do SIM (Sistema de Informação sobre Mortalidade) do DATASUS, existe uma diferença significativa.",https://twitter.com/TeichNelson/status/1274114235212140545,1,28,491
118,2020-06-19 22:57:59+00:00,TeichNelson,"Essa informação detalhada e de qualidade, permite entender e abordar os problemas e definir as melhores políticas e ações, o que não é nada simples de obter. É algo muito mais difícil e complexo do que normalmente se imagina.",https://twitter.com/TeichNelson/status/1274114233244975112,5,26,611
119,2020-06-19 22:57:59+00:00,TeichNelson,"Para que possamos entender melhor a COVID19 e a sua evolução é necessário informação detalhada e em tempo real, não só de aspectos ligados à COVID19, mas também daqueles relacionados a todo Sistema de Saúde.",https://twitter.com/TeichNelson/status/1274114231416377347,91,209,3788
120,2020-06-18 16:18:16+00:00,TeichNelson,"O ideal é que esse trabalho de levantar, analisar e disponibilizar as informações, seja liderado e coordenado pelo Ministério da Saúde.
Amanhã continuamos a falar sobre esse tópico.",https://twitter.com/TeichNelson/status/1273651253525037057,39,57,1177
121,2020-06-18 16:18:16+00:00,TeichNelson,"Não podemos deixar de olhar também, os dados da Saúde Suplementar, porque um número significativo da população, quase 47 milhões de pessoas, usa esse Sistema.",https://twitter.com/TeichNelson/status/1273651252078039040,8,58,1141
122,2020-06-18 16:18:16+00:00,TeichNelson,"A COVID19 mostrou a força e a importância do SUS, que deve ser cada vez mais valorizado, financiado e melhorado para cuidar, mais e melhor, de todos os 212 milhões de brasileiros que necessitam dele. Sem o SUS os efeitos da COVID19 seriam muito mais devastadores.",https://twitter.com/TeichNelson/status/1273651250668744711,10,63,941
123,2020-06-18 16:18:15+00:00,TeichNelson,"Esse trabalho de estruturação do Sistema de Saúde para os novos tempos pós-pandemia, vai demandar um esforço combinando das esferas federal, estadual e municipal.",https://twitter.com/TeichNelson/status/1273651249200668672,5,39,797
124,2020-06-18 16:18:15+00:00,TeichNelson,"A discussão de como o Sistema de Saúde vai conseguir se estruturar para tratar essa demanda reprimida dos casos “não COVID”, deve iniciar agora.",https://twitter.com/TeichNelson/status/1273651247715926016,6,39,752
125,2020-06-18 16:18:15+00:00,TeichNelson,"Essa combinação de fatores leva a um acúmulo progressivamente maior de pessoas que demandam cuidados em saúde, com a possibilidade de termos as doenças sendo tratadas com quadros mais avançados, acarretando um aumento global da mortalidade e da morbidade.",https://twitter.com/TeichNelson/status/1273651246306668544,2,43,777
126,2020-06-18 16:18:14+00:00,TeichNelson,"Por medo da COVID19, as pessoas estão reduzindo a busca de serviços de emergência e atendimentos ambulatoriais, aumentando as chances de agravamento dos problemas de saúde e início tardio de tratamentos.",https://twitter.com/TeichNelson/status/1273651244884770816,9,50,832
127,2020-06-18 16:18:14+00:00,TeichNelson,"Serviços especializados, como os procedimentos diagnósticos de mamografia e endoscopia, estão deixando de oferecer seus serviços, diminuindo a capacidade do sistema de atender esses pacientes.",https://twitter.com/TeichNelson/status/1273651243483889664,2,47,813
128,2020-06-18 16:18:14+00:00,TeichNelson,"Com foco na COVID19, uma parte das instituições e profissionais de saúde, estão sendo redirecionados para cuidar somente dos pacientes com Coronavirus. Com essa estratégia, os recursos e a infraestrutura dedicada para cuidar das doenças “não COVID” estão sendo reduzidos.",https://twitter.com/TeichNelson/status/1273651242103975941,7,47,877
129,2020-06-18 16:18:13+00:00,TeichNelson,"Voltando a falar sobre informação no Sistema de Saúde, vou começar abordando qual informação deve ser colhida e analisada. É necessário, que além de dados relacionados à COVID19, que também sejam coletados dados referentes a todas as outras doenças.",https://twitter.com/TeichNelson/status/1273651240745000960,165,448,5083
130,2020-06-14 15:42:24+00:00,TeichNelson,Cada uma dessas perguntas tem que ser respondida e vou trabalhar cada um desses pontos ao longo dos próximos dias.,https://twitter.com/TeichNelson/status/1272192675438043137,128,163,2661
131,2020-06-14 15:42:24+00:00,TeichNelson,"3.Que dados adicionais precisam ser coletados e apresentados para que se possa entender não apenas a evolução da COVID-19, mas todo o sistema de saúde?
4.Como disponibilizar os dados para que a sociedade e pesquisadores possam estuda-los e avaliá-los de forma mais detalhada?",https://twitter.com/TeichNelson/status/1272192674091667456,16,143,2125
132,2020-06-14 15:42:23+00:00,TeichNelson,"À partir do instante em que definimos que a data do óbito é a mais adequada, outros pontos precisam ser abordados. São eles:
1.Os números do dia e de alguns dias anteriores não são definitivos. Como interpretar a curva?
2.Como trabalhar a subnotificação dos casos da Covid-19?",https://twitter.com/TeichNelson/status/1272192672585977857,15,130,1874
133,2020-06-14 15:42:23+00:00,TeichNelson,"Por uma questão de continuidade e para evitar discussões desnecessárias, deve-se manter os dados e a curva com base nos registros, como é feito atualmente, mas outras formas de análises precisam ser adicionadas.",https://twitter.com/TeichNelson/status/1272192671235309570,9,150,2118
134,2020-06-14 15:42:23+00:00,TeichNelson,"O fato de outros países usarem a apresentação com base nos registros, não pode ser um argumento para que a apresentação e avaliação de dados não seja feita da forma mais adequada no Brasil.",https://twitter.com/TeichNelson/status/1272192669859676160,2,167,2336
135,2020-06-14 15:42:23+00:00,TeichNelson,"Quanto a comparação com outros países, mesmo que a metodologia seja a mesma, baseada nos registros, se não soubermos a diferença entre as datas de óbitos e registros nesses países, as comparações não serão válidas e podem levar a conclusões incorretas.",https://twitter.com/TeichNelson/status/1272192668534259713,3,179,2458
136,2020-06-14 15:42:22+00:00,TeichNelson,"No Brasil, de acordo com pesquisa recente, 50% dos óbitos são registrados em até 6 dias e 75% deles em até 13 dias, sendo que essa diferença, entre o óbito e o registo, varia de estado para estado.",https://twitter.com/TeichNelson/status/1272192666902695936,15,209,2769
137,2020-06-14 15:42:22+00:00,TeichNelson,"A forma adequada de apresentar e avaliar os óbitos é através da data do óbito e não da data do registro. A curva baseada na data do registro não reflete a realidade por agregar casos de dias anteriores, que confundem e  distorcem os verdadeiros números e a interpretação da curva.",https://twitter.com/TeichNelson/status/1272192665535291398,90,553,4808
138,2020-06-14 15:42:22+00:00,TeichNelson,Os últimos dias mostraram uma discussão intensa sobre a divulgação dos dados em relação a COVID-19. Um ponto importante foi se os dados diários deveriam ser apresentados com base na data do registro ou na data do óbito.,https://twitter.com/TeichNelson/status/1272192664339992576,303,744,7483
139,2020-06-08 19:32:21+00:00,TeichNelson,"Hoje em entrevista à CNN Brasil, falei sobre minha posição em relação a importância da informação e reforcei minha tese de que, a saúde, a sociedade e o Brasil precisam de uma trégua. Somente juntos e com união, conseguiremos evoluir.
Assista em
https://t.co/fbq8MpwX9d",https://twitter.com/TeichNelson/status/1270076217954361349,199,165,3273
140,2020-06-07 18:19:41+00:00,TeichNelson,@otavioclark @lhmandetta Falarei amanhã sobre o tema às 13h na CNN Brasil,https://twitter.com/TeichNelson/status/1269695539412697088,72,60,1397
141,2020-06-05 19:49:42+00:00,TeichNelson,"Não sabemos quando esse problema será resolvido, por isso temos que continuar aprendendo a cada dia, para que nossas futuras decisões sejam cada vez mais precisas e eficientes.
Trabalhar a informação, a pesquisa, o diálogo e a cooperação é fundamental.",https://twitter.com/TeichNelson/status/1268993419692642305,60,64,1487
142,2020-06-05 19:49:42+00:00,TeichNelson,Provavelmente o comportamento da sociedade vai ser o fator primordial que definirá as mudanças relacionadas ao distanciamento social e não os posicionamentos políticos ou econômicos.,https://twitter.com/TeichNelson/status/1268993418165960704,19,74,1328
143,2020-06-05 19:49:41+00:00,TeichNelson,"É importante ouvir os diferentes segmentos da sociedade para entender como eles percebem a situação e a sua evolução. As preferências e escolhas feitas hoje pela sociedade mudarão ao longo do tempo, conforme o distanciamento continuar.",https://twitter.com/TeichNelson/status/1268993416622309376,1,23,603
144,2020-06-05 19:49:41+00:00,TeichNelson,"Essa informação é necessária para entender o impacto dos diferentes tipos de isolamento, possibilitando a implementação de uma reabertura da economia com maior chance de sucesso.",https://twitter.com/TeichNelson/status/1268993414823063554,3,23,571
145,2020-06-05 19:49:41+00:00,TeichNelson,"A forma de definir a melhor estratégia em relação ao distanciamento social, assim como nos casos de medicamentos e vacinas, também deve ser baseada em estudos científicos. A metodologia desses estudos, apesar de complexa, é a mais indicada para gerar informação",https://twitter.com/TeichNelson/status/1268993413451522054,10,21,586
146,2020-06-05 19:49:40+00:00,TeichNelson,"Problemas de saúde abordados com uma perspectiva política, dificilmente serão solucionados da melhor forma possível. Idas e vindas nas tentativas de reabertura da economia podem trazer mais instabilidade, dificultando ainda mais esse processo ao longo do tempo.",https://twitter.com/TeichNelson/status/1268993411950022656,3,29,667
147,2020-06-05 19:49:40+00:00,TeichNelson,"Políticas baseadas no modelo de tentativa e erro, quando tomadas em um ambiente de baixa colaboração e cooperação, carregam o risco de serem usadas para críticas, defesa de posições pessoais, intensificação de disputas políticas e maior polarização. Isso é muito ruim.",https://twitter.com/TeichNelson/status/1268993410456784903,4,31,738
148,2020-06-05 19:49:40+00:00,TeichNelson,"Decisões estão sendo tomadas em um mundo de pouca informação e grande incerteza. Nesse cenário, marcado por angústia e medo, as escolhas e ações ligadas ao distanciamento estão acontecendo com um modelo de tentativa e erro.",https://twitter.com/TeichNelson/status/1268993408791719938,11,24,754
149,2020-06-05 19:49:39+00:00,TeichNelson,"Alguns países ao redor do mundo estão, pouco a pouco, reabrindo suas economias e o Brasil acompanha esse movimento em várias cidades e estados.
Algumas tentativas de reabertura foram revertidas e criticadas, pelo fato do número de casos da Covid-19 ter aumentado após a reabertura",https://twitter.com/TeichNelson/status/1268993406849646597,94,138,3294
150,2020-06-03 15:28:15+00:00,TeichNelson,"Os testes de vacina para Covid-19 liberados pela Universidade de Oxford serão iniciados no Brasil esse mês.
Fico muito feliz em ver um projeto tão importante como esse para o Brasil, que participei como Ministro, se concretizando.
Veja mais em https://t.co/P6TtIrNWiO",https://twitter.com/TeichNelson/status/1268202846505369600,3178,3334,34096
151,2020-06-02 20:25:35+00:00,TeichNelson,"Um importante estudo randomizado, o Solidarity da OMS, deve ter uma análise interina ainda esse mês de junho. O Solidarity analisa as medicações Remdesivir, Hidroxocloroquina, Ritonavir + Lopinavir e Ritonavir + Lopinavir + Interferon",https://twitter.com/TeichNelson/status/1267915284112908291,84,76,1485
152,2020-06-02 20:25:34+00:00,TeichNelson,Essas análises permitem que o estudo seja suspenso caso o medicamento mostre um benefício ou um malefício muito grande na análise preliminar. Se há grande malefício o estudo é suspenso e se há grande beneficio a droga começa a ser administrada para todos.,https://twitter.com/TeichNelson/status/1267915282699489285,9,55,1356
153,2020-06-02 20:25:34+00:00,TeichNelson,"Os estudos randomizados também são avaliados antes de alcançar o número planejado de pacientes, são as chamadas análises interinas por Comitês independentes e de alta experiência.",https://twitter.com/TeichNelson/status/1267915281256665093,3,42,839
154,2020-06-02 20:25:33+00:00,TeichNelson,Os estudos mais relevantes para tratamento da Covid-19 publicados ate agora são estudos observacionais. Nesses estudos não se consegue criar uma situação semelhante aos dos estudos randomizados. É muito difícil garantir que os braços dos estudos sejam totalmente equilibrados.,https://twitter.com/TeichNelson/status/1267915279188856833,5,43,832
155,2020-06-02 20:25:33+00:00,TeichNelson,Nesses estudos randomizados também é possível deixar os grupos equilibrados para fatores não mensurados ou não conhecidos. A ideia é que a medicação avaliada seja a única diferença entre os braços do estudo e que essa avaliação seja feita de forma transparente.,https://twitter.com/TeichNelson/status/1267915277657944067,1,48,871
156,2020-06-02 20:25:33+00:00,TeichNelson,"Os estudos randomizados são considerados os mais adequados para avaliação de novos medicamentos e tecnologias. Neles são criados grupos, chamados braços do estudo, onde as pessoas têm características semelhantes, incluindo idade, sexo, existência de doenças crônicas, entre outros",https://twitter.com/TeichNelson/status/1267915276265443328,5,49,977
157,2020-06-02 20:25:32+00:00,TeichNelson,"Importantes estudos randomizados brasileiros sobre Hidroxicloroquina e Hidroxicloroquina + Azitromicina estão sendo concluídos. Isso significa que, após preparo, monitoria e análise cuidadosa dos dados de acordo com métodos pré-especificados, teremos os resultados publicados.",https://twitter.com/TeichNelson/status/1267915274814185475,27,102,1562
158,2020-06-02 20:25:32+00:00,TeichNelson,"Serão publicados em breve, estudos randomizados com a metodologia adequada para definir o papel dos medicamentos no tratamento da Covid-19. Isso vai permitir o desenho de políticas, recomendações e ações com base em dados mais sólidos.",https://twitter.com/TeichNelson/status/1267915273236918274,177,420,6576
159,2020-05-31 16:03:30+00:00,TeichNelson,"https://t.co/NJ2aPQQ5GJ pessoas precisam entender que quando participam de programas de vacinação, não estão protegendo apenas elas mesmas, mas um país inteiro.

Veja na íntegra em:

https://t.co/pehCfta9rG",https://twitter.com/TeichNelson/status/1267124553546858496,54,100,1526
160,2020-05-31 16:03:29+00:00,TeichNelson,"3.Traçar uma estratégia clara para trabalhar o distanciamento social é crítico, seja na direção de aumentar o distanciamento, seja em reduzir.",https://twitter.com/TeichNelson/status/1267124551453945856,16,69,1599
161,2020-05-31 16:03:29+00:00,TeichNelson,2.Não investir em ciência é um erro. A Covid-19 realçou as fraquezas dos sistemas de saúde. Pouco investimento em pesquisa e não valorização dos pesquisadores é uma delas.,https://twitter.com/TeichNelson/status/1267124548530470912,16,125,1849
162,2020-05-31 16:03:28+00:00,TeichNelson,"Pontos críticos:
1.Gestores vão ter que aprender a navegar na incerteza. O melhor futuro possível vai depender das decisões tomadas hoje e revistas a todo momento.",https://twitter.com/TeichNelson/status/1267124546735349760,6,55,1214
163,2020-05-31 16:03:27+00:00,TeichNelson,"Essa participação abre oportunidade para criação de projetos voltados para produção da vacina no Brasil, tanto para uso doméstico quanto para exportação para outros países.",https://twitter.com/TeichNelson/status/1267124543811981312,4,49,1122
164,2020-05-31 16:03:26+00:00,TeichNelson,O melhor cenário é a descoberta de uma vacina e a criação de um programa de vacinação em massa para o controle da Covid-19. A participação do Brasil nos estudos clínicos das vacinas é importante para aumentar a possibilidade do Brasil ter acesso à vacina quando ela for liberada.,https://twitter.com/TeichNelson/status/1267124537105305601,14,72,1422
165,2020-05-31 16:03:25+00:00,TeichNelson,"Os números projetados para que a sociedade adquira imunidade à Covid-19, são que o percentual da população infectada seja acima de 60%.  Estamos bem longe desse número e isso significa que, ou essa imunidade não vai acontecer, ou se acontecer vai ser às custas de muitas mortes.",https://twitter.com/TeichNelson/status/1267124534060163072,19,67,1228
166,2020-05-31 16:03:24+00:00,TeichNelson,"Se o número de infectados for 10 vezes maior, chegamos a um número de quase 5 milhões que tiveram a doença. Isso representaria pouco mais que 2% da população brasileira.",https://twitter.com/TeichNelson/status/1267124530906103809,4,54,1116
167,2020-05-31 16:03:24+00:00,TeichNelson,"Ontem tínhamos 498 mil casos confirmados e quase 29 mil mortos. Dados preliminares de um estudo da Universidade de Pelotas, diz que o número de pessoas infectadas no Brasil pode ser 7 vezes maior. Essa projeção é preocupante não por ser muito alta, mas sim por ser muito baixa.",https://twitter.com/TeichNelson/status/1267124529626861568,16,71,1376
168,2020-05-31 16:03:24+00:00,TeichNelson,"Nosso conhecimento sobre a doença é pequeno e não sabemos como a sociedade vai reagir, caso a situação atual se prolongue por muito tempo. Os países e líderes vão precisar navegar em uma realidade que nunca existiu no último século.",https://twitter.com/TeichNelson/status/1267124528280371200,15,85,1901
169,2020-05-31 16:03:23+00:00,TeichNelson,"Não sabemos quanto tempo vai levar até controlarmos a Covid-19. Isso significa que não sabemos quanto tempo vai levar para que a vida das pessoas volte ao normal ou caminhe para uma nova realidade, onde as relações pessoais retornem para um patamar minimamente confortável.",https://twitter.com/TeichNelson/status/1267124526665662464,288,630,9503
170,2020-05-28 14:45:16+00:00,TeichNelson,"Como navegar em um mar de extrema incerteza, medo e ansiedade?
O problema da COVID-19 vai passar. Isso é certo. É fundamental que esse caminho seja o mais curto e o menos sofrido possível para a sociedade.
4 pontos são críticos nesse processo. Veja em:
https://t.co/DZxcTvuYmE",https://twitter.com/TeichNelson/status/1266017704147931136,165,248,4075
171,2020-05-25 15:26:52+00:00,TeichNelson,"Em especial, deixei minha mensagem à sociedade de que o mais importante, nesse momento, é que estejamos todos somente de um lado: o do Brasil.
https://t.co/wXG3dUO4El",https://twitter.com/TeichNelson/status/1264941007336062976,1326,1113,16861
172,2020-05-25 15:26:51+00:00,TeichNelson,Ontem tive a oportunidade de participar de uma entrevista na GloboNews e falar sobre o momento de incertezas em que vivemos. Pude falar sobre a Pandemia no Brasil e no Mundo e sobre os rumos e estratégias que a saúde deve tomar para contenção da crise.,https://twitter.com/TeichNelson/status/1264941005771587584,4116,2303,36959
173,2020-05-23 14:25:35+00:00,TeichNelson,Desejo ao Ministro Interino Eduardo Pazuello todo o sucesso na condução do Ministério da Saúde e estou à disposição para que a transição aconteça da melhor forma possível.,https://twitter.com/TeichNelson/status/1264200809744674816,421,360,12318
174,2020-05-23 14:25:35+00:00,TeichNelson,"Uma condução técnica do Sistema de Saúde significa uma gestão onde estratégia, planejamento, metas e ações são baseadas em informações amplas e precisas, acompanhadas continuadamente através de indicadores.",https://twitter.com/TeichNelson/status/1264200808406626310,130,400,11705
175,2020-05-23 14:25:34+00:00,TeichNelson,"Quando assumi o MS, o objetivo era trazer um modelo de gestão mais técnica, que aumentasse a eficiência do Sistema e melhorasse o nível de saúde da sociedade. Ser mais técnico não significa apenas uma condução médica mais técnica. Isso seria tratar o problema de forma simplista.",https://twitter.com/TeichNelson/status/1264200806917603329,136,364,10846
176,2020-05-23 14:25:34+00:00,TeichNelson,"Agradeço ao Ministro Interino Eduardo Pazuello pelo convite para ser Conselheiro do Ministério da Saúde, mas não seria coerente ter deixado o cargo de Ministro da Saúde na semana passada e aceitar a posição de Conselheiro na semana seguinte.",https://twitter.com/TeichNelson/status/1264200805474865153,3688,3390,66509
177,2020-05-21 14:32:33+00:00,TeichNelson,Pesquisa PNAD COVID19 IBGE,https://twitter.com/TeichNelson/status/1263477788935368707,88,166,2857
178,2020-05-21 14:30:55+00:00,TeichNelson,"“Nessa chamada, vai estar a chance de fazer a diferença para você e outros 200 milhões de brasileiros!”
Somos um país inteiro na luta contra o Covid-19. #combateaocororavírus https://t.co/hV7vr8vY4M",https://twitter.com/TeichNelson/status/1263477376337444883,71,293,3602
179,2020-05-21 14:30:34+00:00,TeichNelson,Parceria do Ministerio da Saúde e IBGE. “Em busca das respostas que só vocês podem nos dar! Respostas que nos ajudam a ganhar um tempo valioso para mapear e identificar nosso inimigo invisível. Queremos te ouvir. Essa não será uma ligação qualquer. “,https://twitter.com/TeichNelson/status/1263477288726904833,470,632,8644
180,2020-05-18 22:19:02+00:00,TeichNelson,"Nessa época de caos e incertezas, qualquer ação, que tire o foco do enfrentamento à Pandemia, deve ser evitada. O Brasil precisa se unir para que juntos encontremos a melhor maneira de lutar. Confrontos desnecessários só prejudicam o Brasil e todos nós, brasileiros.",https://twitter.com/TeichNelson/status/1262508019235028994,575,812,14888
181,2020-05-18 22:19:02+00:00,TeichNelson,"Deixo prontos 4 Planos de Ação:
1. Programa DIAGNOSTICAR PARA CUIDAR
2. Estratégia de GESTÃO DE RISCOS
3. Criação das UNIDADES DE SUPORTE VENTILATÓRIO
4. Projeto de AÇÃO NA LINHA DE FRENTE
Veja o post na íntegra em:
https://t.co/2NcVr5quWv",https://twitter.com/TeichNelson/status/1262508017628647424,224,617,12449
182,2020-05-18 22:19:01+00:00,TeichNelson,"Em 28 dias à frente do MS, por mais difícil que fosse a situação, nunca expus gestões anteriores.
Acho muito deselegante um ex-ministro criticar seu sucessor e acredito que esse tipo de condução só aumenta a polarização e o desgaste, prejudicando desta forma, o país inteiro.",https://twitter.com/TeichNelson/status/1262508014982107141,2998,3310,43987
183,2020-05-17 21:32:57+00:00,TeichNelson,Em todos os momentos foi pensado e garantido a continuidade do trabalho que vinha sendo realizado.,https://twitter.com/TeichNelson/status/1262134033926012928,329,259,6811
184,2020-05-17 21:32:57+00:00,TeichNelson,"Vale ainda ressaltar que essas substituições ocorreram, uma por solicitação do próprio secretário, outra pela necessidade do secretário assumir a função de assessor e somente em uma delas houve realmente uma troca, porém com um membro da própria secretaria assumindo a pasta.",https://twitter.com/TeichNelson/status/1262134032265068544,62,238,6033
185,2020-05-17 21:32:56+00:00,TeichNelson,"Das 6 secretarias técnicas, 3 delas mantiveram seus secretários e as outras 3 tiveram a troca do número 1 da pasta, sem maiores alterações no restante do time.",https://twitter.com/TeichNelson/status/1262134030688026625,54,191,3966
186,2020-05-17 21:32:56+00:00,TeichNelson,"Diferente do que algumas reportagens afirmam, as 6 secretarias técnicas do Ministério da Saúde nunca perderam sua autonomia e seu perfil técnico. Não houve descontinuidade do trabalho e do foco das mesmas.",https://twitter.com/TeichNelson/status/1262134029178077186,1178,1554,20546
187,2020-05-15 22:00:41+00:00,TeichNelson,"Não aceitei o convite pelo cargo, aceitei pelo Brasil e principalmente por todos os Brasileiros",https://twitter.com/TeichNelson/status/1261416238082899971,1302,546,16400
188,2020-05-15 22:00:41+00:00,TeichNelson,"Iniciei as visitas do MS nas cidades mais afetadas pelo Covid-19, o que nos mostrou que o caminho certo para o entendimento da doença é estar na linha de frente, junto com os profissionais da saúde, que lutam diariamente para salvar e ajudar seus pacientes.",https://twitter.com/TeichNelson/status/1261416236576989185,302,427,13229
189,2020-05-15 22:00:41+00:00,TeichNelson,"A vida é feita de escolhas e nesse momento escolho sair.

Agradeço a todos que estiveram ao meu lado nessa trajetória.

A missão da saúde é sempre tripartite: Ministério da Saúde, Estados (CONASS) e Municípios (CONASEMS)",https://twitter.com/TeichNelson/status/1261416234991538176,5828,1832,43486
190,2020-05-14 17:22:52+00:00,TeichNelson,Saiba mais em https://t.co/gASynCbBXs https://t.co/VyY3CLHkxv,https://twitter.com/TeichNelson/status/1260983932692107270,1328,314,4092
191,2020-05-13 15:17:18+00:00,TeichNelson,"O TeleSus cuida de você em casa. Vc tem diversas maneiras de acessar esse serviço: 
1) Baixando o aplicativo Coronavírus - SUS
2) Através do Chat on-line https://t.co/77GoMNHvg4
3) Pelo WhatsApp (61) 9938-0031
4) Ligando para 136",https://twitter.com/TeichNelson/status/1260589944424353792,1579,1497,8836
192,2020-05-13 00:47:31+00:00,TeichNelson,"Para esses profissionais vai a minha eterna admiração e agradecimento.
Feliz Dia Internacional da Enfermagem.",https://twitter.com/TeichNelson/status/1260371056738566144,158,181,4097
193,2020-05-13 00:47:30+00:00,TeichNelson,"Nesses tempos difíceis, a enfermagem firma, diariamente, o seu compromisso de, na linha de frente, continuar lutando ao lado de seus pacientes, mesmo que isso os coloque em risco de contágio e represente, muitas vezes, a necessidade de afastamento de seus entes queridos",https://twitter.com/TeichNelson/status/1260371055060844544,128,201,4392
194,2020-05-13 00:47:30+00:00,TeichNelson,"Hoje, dia 12 de maio, é o Dia Internacional da Enfermagem. Queria parabenizar os profissionais que dedicam suas vidas a tarefa mais nobre que existe, que é a de cuidar das pessoas!",https://twitter.com/TeichNelson/status/1260371053504876545,700,866,14122
195,2020-05-12 17:01:26+00:00,TeichNelson,#combateaoCoronaVirus https://t.co/4svLt7foAz,https://twitter.com/TeichNelson/status/1260253763673239555,1754,1135,10047
196,2020-05-12 14:55:00+00:00,TeichNelson,O @minsaude disponibiliza diversos canais de comunicação para saber mais sobre a doença e o que fazer nas diversas situações. Você pode ligar para o 136 ou acessar o https://t.co/SGU5gp2pRN,https://twitter.com/TeichNelson/status/1260221948002533376,459,244,2591
197,2020-05-12 14:54:54+00:00,TeichNelson,Queremos também nos preparar para a possível descoberta de uma vacina contra a doença. Estamos em constante conversa com pesquisadores e laboratórios para garantir a oferta desta proteção para os brasileiros.,https://twitter.com/TeichNelson/status/1260221920034918402,562,259,3345
198,2020-05-12 14:54:53+00:00,TeichNelson,"O @minsaude acompanha todas as pesquisas nacionais e internacionais sobre o tratamento do coronavírus. Além da cloroquina, os estudos avaliam mais de 10 medicamentos. Confira o informe diário de evidências científicas https://t.co/cvHX4gvqeO",https://twitter.com/TeichNelson/status/1260221918281596928,321,261,2635
199,2020-05-12 14:54:53+00:00,TeichNelson,"Um alerta importante: a cloroquina é um medicamento com efeitos colaterais. Então, qualquer prescrição deve ser feita com base em avaliação médica. O paciente deve entender os riscos e assinar o “Termo de Consentimento” antes de iniciar o uso da cloroquina.",https://twitter.com/TeichNelson/status/1260221915861483525,3640,901,6777
200,2020-05-12 14:54:52+00:00,TeichNelson,"O @minsaude em 23.03 informou que a cloroquina pode ser prescrita para pacientes hospitalizados (https://t.co/vf8vjq9nKc). O @Medicina_CFM , em 23.04, entendeu a excepcionalidade em que vivemos e possibilitou o uso em outras situações (https://t.co/AKGELVJPl8).",https://twitter.com/TeichNelson/status/1260221913202331648,2033,1580,10632
201,2020-05-10 18:49:54+00:00,TeichNelson,Segue link do vídeo no IGTV https://t.co/iWNfHeBizd,https://twitter.com/TeichNelson/status/1259556285856591878,321,168,2735
202,2020-05-10 18:42:57+00:00,TeichNelson,"E quero falar principalmente pra aquelas mães que hoje choram a perda de seus filhos e para os filhos que hoje não podem comemorar o dia com suas mães. Para esses, deixo aqui meus sentimentos e meu compromisso de fazer o meu melhor para que vençamos rápido essa terrível guerra.",https://twitter.com/TeichNelson/status/1259554537117044736,576,542,9263
203,2020-05-10 18:42:57+00:00,TeichNelson,"Eu queria deixar aqui uma mensagem de esperança à todas as mães. Aquelas mães e aqueles filhos que estão na linha de frente dessa batalha, trabalhando nos hospitais, farmácias, supermercados, na segurança, nos transportes e em tantos outros serviços essenciais.",https://twitter.com/TeichNelson/status/1259554535414120452,201,350,6142
204,2020-05-10 18:42:56+00:00,TeichNelson,"Hoje, dia 10 de maio, amanhecemos com uma enorme dualidade de sentimentos, que por um lado nos traz a alegria de um dia tão especial como o dia das mães e por outro a tristeza e sofrimento de ter atingido a terrível marca de mais de 10 mil mortes por Covid-19 no Brasil.",https://twitter.com/TeichNelson/status/1259554533765775360,3430,1719,23460
205,2020-05-09 17:46:42+00:00,TeichNelson,"Hoje visitei o Hospital Federal de Bonsucesso. Aqui foram liberados 42 leitos para #coronavírus entre ontem e hoje. No Rio, buscamos uma ação integrada contra a doença e avançamos no atendimento às necessidades da saúde da população. #combateaoCoronaVirus https://t.co/w1MZQjdDFG",https://twitter.com/TeichNelson/status/1259177994649841664,1509,1996,14733
206,2020-05-08 18:21:56+00:00,TeichNelson,"No Rio, reuniões de trabalho para acompanhar a assistência à população. O @govbr e @minsaude , entregam hoje para o RJ, um milhão de itens de proteção individual, o que já soma um auxílio  de 15 milhões de EPIs para proteger os nossos profissionais de saúde. #combateaoCoronaVirus",https://twitter.com/TeichNelson/status/1258824472016150528,1319,2047,13630
207,2020-05-08 10:44:54+00:00,TeichNelson,"Nosso compromisso com a Residência Médica Brasileira é de resolver 100% dos casos de atraso no pagamento das bolsas aos residentes, até dia 15 de maio de 2020. https://t.co/pQAlfjU2DF",https://twitter.com/TeichNelson/status/1258709455002353664,446,742,6463
208,2020-05-08 01:20:48+00:00,TeichNelson,"Amanhã embarco para o Rio de Janeiro para visitar o Hospital de Campanha do Rio Centro, Hospital de Campanha do Maracanã e Hospital de Bonsucesso. Estamos juntos no combate ao Covid-19. #combateaoCoronaVirus",https://twitter.com/TeichNelson/status/1258567493846786049,3319,4059,35245
209,2020-05-07 19:00:31+00:00,TeichNelson,"Hoje, em audiência com a @camaradosdeputados sobre o #coronavírus, reforcei o foco do @minsaude e @govbr no atendimento e tratamento das pessoas e em um sistema de saúde mais eficaz e eficiente. Juntos na batalha contra Covid-19 em prol de um Brasil melhor #CombateAoCoronavírus https://t.co/oMv2y9uJXI",https://twitter.com/TeichNelson/status/1258471794681319424,732,861,7267
210,2020-05-07 00:40:19+00:00,TeichNelson,Não vamos descansar até vencermos juntos essa batalha #CombateAoCoronavírus https://t.co/Y84rtnAxrM,https://twitter.com/TeichNelson/status/1258194921007300609,1459,2514,20641
211,2020-05-06 23:13:14+00:00,TeichNelson,#temquevacinar https://t.co/sCz64tjwsb,https://twitter.com/TeichNelson/status/1258173005710139399,355,682,4486
212,2020-05-06 21:30:01+00:00,TeichNelson,Veja se vc faz parte do grupo de pessoas que precisa se vacinar. Acesse https://t.co/aH3IXFzfXU https://t.co/pxuiRF2OMx,https://twitter.com/TeichNelson/status/1258147027889860609,218,554,3157
213,2020-05-06 16:42:58+00:00,TeichNelson,https://t.co/s8vtRKTpbh,https://twitter.com/TeichNelson/status/1258074788125446150,647,1458,8662
214,2020-05-06 13:08:52+00:00,TeichNelson,Hoje vamos apresentar aos representantes dos secretários de saúde dos estados e municípios (@ConassOficial  @conasemsoficial) o novo programa de testagem do coronavírus. Mais precisão nas ações de enfrentamento a doença.,https://twitter.com/TeichNelson/status/1258020909954355201,1001,2897,25094
215,2020-05-06 04:20:55+00:00,TeichNelson,"@wbastos23 @LulaOficial Obrigado pela observação. Quis dizer Sistema Público de Saúde de 1981, que evoluiu para o Sistema Único de Saúde (SUS) em 1988.",https://twitter.com/TeichNelson/status/1257888049045929991,172,134,2468
216,2020-05-06 01:14:46+00:00,TeichNelson,Eu nasci do serviço público e tudo que sou devo a ele. Eu tenho uma dívida com a sociedade que pagarei agora como Ministro da Saúde do Brasil.,https://twitter.com/TeichNelson/status/1257841200746430468,773,1317,11184
217,2020-05-06 01:13:59+00:00,TeichNelson,No Hospital Federal Cardoso Fontes (RJ) trabalhei como médico intensivista. Na iniciativa privada atuei como médico oncologista e passei mais 15 anos ao lado daqueles que buscavam tratamento contra câncer. Fundei um Instituto de Educação e Pesquisa dedicado à oncologia,https://twitter.com/TeichNelson/status/1257841003488333825,295,776,8143
218,2020-05-06 01:12:13+00:00,TeichNelson,Foi no SUS também que estive no Posto de Assistência Médica (PAM) de Angra dos Reis. Atendi pacientes da rede pública como médico residente no INCA e também no Hospital Federal de Ipanema.,https://twitter.com/TeichNelson/status/1257840557537312769,72,254,1963
219,2020-05-06 01:11:31+00:00,TeichNelson,"Fui estudante de escola pública. E na rede pública também me formei em medicina, na UERJ. Iniciei minha trajetória no interior do Rio de Janeiro, no SUS, onde trabalhava como clínico no Hospital de Praia Brava.",https://twitter.com/TeichNelson/status/1257840384731906054,70,293,2222
220,2020-05-06 01:10:44+00:00,TeichNelson,https://t.co/BWi4JSCa09,https://twitter.com/TeichNelson/status/1257840185217171456,890,1041,11220
221,2020-05-06 01:10:17+00:00,TeichNelson,"Minha carreira tem reconhecimento nacional e internacional, como atestado pela carta da Sociedade Americana de Oncologia Clínica (ASCO), que segue no final “da linha”",https://twitter.com/TeichNelson/status/1257840071069310976,783,1522,14723
222,2020-05-06 01:08:47+00:00,TeichNelson,"Como o senhor deve saber @LulaOficial , um dos pontos mais graves da Covid-19 é a propagação da desinformação. Iniciei minha carreira há 39 anos no SUS. Meu foco sempre foi a vida e a recuperação dos pacientes. Na #Covid-19, estou ao lado dos brasileiros https://t.co/KPRJugXse8",https://twitter.com/TeichNelson/status/1257839694919983105,8332,6256,39881
223,2020-05-04 23:47:19+00:00,TeichNelson,"Hoje visitei o Hospital de Retaguarda Nilton Lins, o Hospital Delphina Aziz e o Hospital de Campanha Municipal em Manaus. Trabalhamos dia e noite para melhorar a nossa capacidade de entrega e agilidade, o nosso compromisso com essa busca e com essa entrega é total. https://t.co/xRquQgNv5P",https://twitter.com/TeichNelson/status/1257456803748683778,1323,2644,18522
224,2020-05-03 18:27:17+00:00,TeichNelson,"MS contrata 267 profissionais da saúde para atuar no Amazonas. @minsaude @govbr estados e municípios, juntos na luta contra o covid19.
Hoje chega ao Amazonas o reforço de 37 médicos, 118 enfermeiros, 57 técnicos em enfermagem, 26 fisioterapeutas, 12 farmacêuticos e 17 biomédicos.",https://twitter.com/TeichNelson/status/1257013877176520707,1258,3327,21942
225,2020-05-02 22:55:02+00:00,TeichNelson,"Neste domingo, embarco para Manaus para acompanhar de perto a situação do atendimento a população do Amazonas. Estamos juntos no combate ao Covid-19, com o Governo do Estado e do Município.",https://twitter.com/TeichNelson/status/1256718872880853008,2554,3382,31238
226,2020-05-02 21:18:54+00:00,TeichNelson,A máscara é sua aliada no combate ao covid19 #COVID__19 #coronavirus #useMascara https://t.co/wzZ1pkNVXv,https://twitter.com/TeichNelson/status/1256694679774605314,381,728,4617
227,2020-05-02 17:14:07+00:00,TeichNelson,https://t.co/i2yZOH9CEO,https://twitter.com/TeichNelson/status/1256633076148469760,389,955,5676
228,2020-05-02 00:28:26+00:00,TeichNelson,"Fica aqui a nossa gratidão, minha, do Ministério da Saúde e do Governo Federal! Fica também nosso compromisso em ajudar estados e municípios fornecendo os equipamentos adequados para proteção individual dos profissionais da saúde. 
Obrigado! E feliz dia do trabalhador.",https://twitter.com/TeichNelson/status/1256379987256582146,112,313,4259
229,2020-05-02 00:28:25+00:00,TeichNelson,"Quero lembrar também com carinho especial dos que trabalham na limpeza, os entregadores, os caminhoneiros, e diversas outras categorias que não pararam e que fazem o Brasil avançar! Me junto aos brasileiros aplaudindo de pé cada hora trabalhada e cada descanso adiado",https://twitter.com/TeichNelson/status/1256379985734119424,67,356,4630
230,2020-05-02 00:28:25+00:00,TeichNelson,"Profissionais incansáveis que salvam vidas nos hospitais, com atenção redobrada nas UTIs, nos postos de saúde, nas Upas, em laboratórios e clínicas do SUS e rede privada de saúde.
Profissionais, e também estudantes, que não pensaram em recuar diante desse vírus pouco conhecido.",https://twitter.com/TeichNelson/status/1256379984547119104,24,188,2521
231,2020-05-02 00:28:25+00:00,TeichNelson,"Hoje dia do trabalho.A pandemia do coronavírus impôs uma nova relação de saúde e trabalho.Neste cenário atual,quero reforçar a importância do trabalho dos profissionais que atuam na saúde! Hoje,me dirijo a vocês,que estão atuando na linha de frente do combate!Parabéns!",https://twitter.com/TeichNelson/status/1256379983313932288,650,1668,18876
232,2020-04-26 20:18:04+00:00,TeichNelson,A parceria do @govbr com a indústria nacional deixa o Brasil mais forte no combate ao #coronavírus! A ação movimenta a economia e salva a vida dos brasileiros. Mais: https://t.co/8t4XWzr0zu https://t.co/r6TSBRuKYm,https://twitter.com/TeichNelson/status/1254505042096332801,1067,2386,12635
233,2020-04-25 17:07:13+00:00,TeichNelson,"Ao fim desta semana, o governo @jairbolsonaro terá entregue 79 milhões de equipamentos de proteção individual para proteger os profissionais de saúde, 3 milhões de testes rápidos e 272 respiradores.",https://twitter.com/TeichNelson/status/1254094624983068674,314,1294,7279
234,2020-04-25 17:07:12+00:00,TeichNelson,"Quase 1 milhão de testes rápidos seguem nos próximos dias para os estados, o que será fundamental para respostas mais assertivas ao Covid-19. Ação em parceira do @MInfraestrutura @DefesaGovBr e @PRFBrasil na logística de entrega.",https://twitter.com/TeichNelson/status/1254094623770902533,223,977,6761
235,2020-04-25 17:07:12+00:00,TeichNelson,"Também foram contemplados o Amapá (25), Ceará (45), Espírito Santo (10), Pará (20), Piauí (20), Rio de Janeiro (40) e Santa Catarina (17). O @govbr está buscando soluções para avançar na atenção aos brasileiros.",https://twitter.com/TeichNelson/status/1254094622466412544,46,468,2910
236,2020-04-25 17:07:12+00:00,TeichNelson,"Nesta semana, Amazonas que já recebeu 35, terá mais 20 (total 55). O Paraná, somará mais 5 aos outros 15 já entregues (20). Com isso, estamos equipando melhor os hospitais para receber os pacientes com Covid-19.",https://twitter.com/TeichNelson/status/1254094621111615488,24,411,2736
237,2020-04-25 17:07:11+00:00,TeichNelson,"A indústria nacional está ajudando na resposta ao #coronavírus, com a produção e entrega de respiradores. Recebemos 272 unidades e grande parte já seguiu para os estados. Ao todo serão 14.100 respiradores.",https://twitter.com/TeichNelson/status/1254094619765362689,94,632,3400
238,2020-04-25 17:07:11+00:00,TeichNelson,https://t.co/XUMOqq5zpa,https://twitter.com/TeichNelson/status/1254094617739497475,655,2009,11831
239,2020-04-24 18:56:54+00:00,TeichNelson,"Junto com estados e municípios estamos adequando a rede de saúde para o atendimento aos brasileiros. O valor é pago em parcela única, para que o SUS possa se organizar de imediato. Já estamos analisando os pedidos de outros estados.",https://twitter.com/TeichNelson/status/1253759840918343682,96,379,3052
240,2020-04-24 18:56:51+00:00,TeichNelson,"Os leitos de UTI para Covid-19 estão distribuídos em 19 estados: AC/10, BA/90, CE/180, DF/80, ES/68, MA/100, MG/50, MS/60, PA/52, PE/10, PI/40, PR/30, RJ/40, RN/10, RO/51, RS/30, SC/72, SE/44 e SP/744.",https://twitter.com/TeichNelson/status/1253759828637495296,130,467,3444
241,2020-04-24 18:56:50+00:00,TeichNelson,"O @govbr reforça ações de atendimento ao pacientes com #coronavírus. A partir de hoje, 1.761 leitos de UTI recebem recursos exclusivos para a assistência a doença. Serão R$ 255,6 milhões repassados em três meses.",https://twitter.com/TeichNelson/status/1253759824522862597,457,1454,10234
242,2020-04-24 17:55:35+00:00,TeichNelson,"O @govbr já distribuiu 2,5 milhões de testes de #coronavírus. No total, o Brasil vai adquirir 46,2 milhões, com entregas em 3 em meses. Só a @OPASOMSBrasil entregará 500 mil a cada 3 dias.",https://twitter.com/TeichNelson/status/1253744408723369986,78,319,2357
243,2020-04-24 17:54:42+00:00,TeichNelson,"Precisamos entender como está a prevalência do #coronavírus na população. Quantas pessoas já foram infectadas, o quanto isso se reflete nos dados que foram divulgados. Verificar qual é o índice de subnotificação e como, de fato, o coronavírus está afetando a população.",https://twitter.com/TeichNelson/status/1253744188157558784,77,315,2660
244,2020-04-24 17:49:36+00:00,TeichNelson,"Sabemos que atualmente existe uma subnotificação dos dados,em especial dos casos leves de #coronavírus. Portanto,precisamos ter acesso a esses números para traçar políticas mais assertivas em relação ao preparo da estrutura física,atendimento e políticas de distanciamento social.",https://twitter.com/TeichNelson/status/1253742903563780099,81,312,2585
245,2020-04-24 17:41:43+00:00,TeichNelson,O @minsaude está  planejando uma nova forma de testagem do #coronavírus para a população. Nosso objetivo é entender como o vírus está se espalhando em cada região do Brasil e realizar ações estratégicas com base em informação.,https://twitter.com/TeichNelson/status/1253740922304593931,516,1615,11833
246,2020-04-23 20:26:44+00:00,TeichNelson,"Enviamos para os estados 13,9 milhões de equipamentos de proteção individual nesta semana. Com isso, já são 74,8 milhões de itens abastecendo a rede de saúde de todo o país, para oferecer maior segurança aos profissionais de saúde no combate ao #coronavírus",https://twitter.com/TeichNelson/status/1253420061567508485,705,3206,19074
247,2020-04-23 17:33:50+00:00,TeichNelson,"Profissionais da Força Nacional do SUS foram enviados para Manaus nesta manhã. A nova equipe é formada por 13 profissionais (2 fisioterapeutas, 3 médicos e 8 enfermeiros). Esforço conjunto na atenção aos pacientes com #Covid-19.",https://twitter.com/TeichNelson/status/1253376548406779905,460,2240,12806
248,2020-04-19 23:33:19+00:00,TeichNelson,"Em reunião com ministros da Saúde do G20 reforcei a importância de testes de diagnóstico para entendermos melhor a evolução do Covid-19 e, com isso, preparar melhor o sistema. Essa capacidade de entendermos a doença é fundamental.  @jairbolsonaro @minsaude @govbr",https://twitter.com/TeichNelson/status/1252017466261360641,1886,3665,25395
249,2020-04-19 03:15:41+00:00,TeichNelson,Enviamos hoje respiradores aos estados mais necessitados. CE e AM receberam 15 e PE 10. Produzidos no Brasil. O MS e o Governo Federal @jairbolsonaro estão mobilizados para apoiar os Estados e municípios no enfrentamento desta crise. Faremos tudo o que estiver ao nosso alcance!,https://twitter.com/TeichNelson/status/1251711035511365639,4320,8458,51740
250,2020-04-18 20:54:11+00:00,TeichNelson,"@GiseleDaminell2 Gisele, fico muito honrado com a homenagem. Estou ciente dessa grande responsabilidade e espero corresponder às suas expectativas, bem como as de todos os brasileiros.",https://twitter.com/TeichNelson/status/1251615031017517061,764,847,8986
